{
  "200.0": {
    "obs": [
      14.262925866642036
    ],
    "p": 0.99,
    "toy": [
      48.889843020937406,
      30.296637784747873,
      30.108423699479317,
      55.140767860546475,
      43.042565766198095,
      33.87653044049512,
      25.485753739631036,
      28.005003359372495,
      39.32690887560602,
      39.5447672267328,
      30.396389507543063,
      36.863321147015085,
      26.108086979627842,
      26.845005939161638,
      28.947803432878572,
      32.340454851975664,
      54.34510156518081,
      27.336985991394613,
      32.459085969952866,
      28.846912261244142,
      48.050044558010995,
      24.040392776514636,
      36.87628760928055,
      10.594010056112893,
      37.106412485969486,
      41.75763069023378,
      30.3078153913375,
      39.96604688820662,
      27.86752156476723,
      39.092114264698466,
      38.77823931237799,
      31.730898717185482,
      38.06373812226229,
      33.69534256361658,
      38.67262445605593,
      49.788345876091626,
      41.20024228200782,
      35.830616557825124,
      23.75584735238226,
      25.882111742452253,
      55.12311993900221,
      36.04511530903983,
      27.550462371727917,
      26.773107013723347,
      40.51934793757391,
      37.56748184331809,
      33.30985263705952,
      33.03793384326855,
      32.05038946282002,
      42.70628044512705,
      33.91892363905208,
      39.43846186934388,
      28.79290835361462,
      27.292489907180425,
      36.69350344254053,
      38.458582773804665,
      30.18704110966064,
      27.093659967329586,
      31.189925404265523,
      28.94183169316966,
      37.80626515462063,
      30.66675343926181,
      34.55753770004958,
      29.299021338112652,
      27.78077369989478,
      38.51593215504545,
      36.34860348017537,
      36.05882427608594,
      43.74242541193962,
      49.392220605455805,
      47.284287704969756,
      28.006396475131623,
      36.22030488416203,
      41.15350323531311,
      32.44890370016219,
      41.820244809408905,
      23.968994439026574,
      31.839107720763423,
      34.49121102006757,
      33.818926971551264,
      22.05369459243957,
      26.993652417353587,
      33.478515952505404,
      30.557490370847518,
      29.98192273575114,
      42.554407272691606,
      26.260562721814495,
      36.29842733425903,
      27.238067520869663,
      25.252156095404644,
      25.370555975328898,
      25.88417400160688,
      48.30856079989462,
      33.05991632203222,
      33.34041538162273,
      27.904239089984912,
      37.163021610613214,
      31.385494813031983,
      26.51470917527331,
      36.07038945352542,
      30.11108646451612,
      30.30482163230772,
      30.574682013946585,
      53.49699904388399,
      26.636016851320164,
      45.90546284127049,
      31.016320566064678,
      11.597478816052899,
      28.43219972588122,
      29.0194389228418,
      39.90382309677079,
      32.01980328891659,
      40.697855548904045,
      41.491472393186996,
      31.094477845879737,
      50.77513697190443,
      47.39351289070328,
      37.38211704828427,
      24.992186768125976,
      40.66472280328162,
      26.000199850153876,
      34.99459893349558,
      23.189327355707064,
      54.41375536745181,
      36.8089757161797,
      46.75503673046478,
      34.545813075761544,
      22.1537017095834,
      27.90493283708929,
      27.42863351252163,
      45.9578713994415,
      27.5994996301597,
      31.589123152079992,
      31.781313099287217,
      36.03812419134192,
      30.74948758361279,
      34.65225393054425,
      35.07393481358304,
      28.129550070123514,
      32.830162722821115,
      37.63283109740587,
      25.466375169198727,
      31.106314209027914,
      24.476327369600767,
      26.65751022400218,
      60.68952771014301,
      31.961934739287244,
      24.59274547593668,
      37.01754149005865,
      34.263976193615235,
      24.275004088587593,
      45.05747124250047,
      32.159545421396615,
      31.65586686792085,
      43.348614400892984,
      37.234150810487336,
      26.822292455210118,
      27.05094816160272,
      30.46128094434971,
      30.28586654207902,
      35.80126952982391,
      56.05618971367949,
      26.688736788230017,
      28.18243156693643,
      64.72727891599061,
      27.22894247455406,
      27.20157456479501,
      34.0071506818349,
      34.69962301981286,
      25.152060956286732,
      36.16496396539151,
      40.49708151264349,
      28.49567347887205,
      26.83936809390434,
      63.236053000204265,
      40.05832056206418,
      24.24947052774951,
      27.449992669775384,
      37.931729732023086,
      18.68620992411161,
      42.59761614751187,
      44.75547035134514,
      35.4611129273253,
      35.825817917095264,
      40.55664609870291,
      53.85514352732571,
      31.1905481776339,
      41.83716127407388,
      30.18916836826247,
      25.106354909949005,
      26.582247697893763,
      32.037671345082344,
      30.29548464054824,
      40.8394118566066,
      29.013215000974014,
      50.89370113922632,
      25.575239752070047,
      22.66991913021775,
      41.040121908125,
      33.36612464324571
    ]
  }
}